iteration,error
1,1.0
2,0.597510031124611
3,0.2432294824124351
4,0.11999460836705414
5,0.08624219459177285
6,0.0599687520742877
7,0.042970751738101665
8,0.030635433790825728
9,0.02199924021602373
10,0.015789809371105745
11,0.011352319365721675
12,0.008162160394686202
13,0.005870863576214247
14,0.0042229521014742755
15,0.0030378980789879106
16,0.002185433757650679
17,0.0015722177683582528
18,0.0011310720767577775
19,0.0008137116203764672
20,0.0005853984046069183
21,0.00042114652423208554
22,0.00030298081733060034
23,0.00021797024569192303
24,0.00015681202281836448
25,0.0001128136219340492
26,8.116031890070818e-05
